Trial,Threshold,ExpectedAccuracy,ExpectedNumSamples
regular_29,1,0.7214,1.0
regular_29,2,0.870211876236,3.34428072481
regular_29,3,0.945537961609,6.03709975079
regular_29,4,0.978239685208,8.64028338226
regular_29,5,0.99148254314,11.0994250935
regular_29,6,0.996693325892,13.4605237369
regular_29,7,0.998720386734,15.7680339076
regular_29,8,0.999505433208,18.0489768097
regular_29,9,0.999808943515,20.3174367282
regular_29,10,0.999926206571,22.5802261324
regular_28,1,0.8176,1.0
regular_28,2,0.952589587658,2.85006037568
regular_28,3,0.989018634968,4.61919365524
regular_28,4,0.99752906476,6.26610912796
regular_28,5,0.999447693917,7.86284152892
regular_28,6,0.999876732051,9.44351508913
regular_28,7,0.999972497276,11.0195449651
regular_28,8,0.999993864232,12.5943038849
regular_28,9,0.999998631153,14.1687269533
regular_28,10,0.999999694621,15.7430634326
regular_23,1,0.541,1.0
regular_23,2,0.581452314636,3.9732836408
regular_23,3,0.620838137098,8.84181490964
regular_23,4,0.658693241018,15.4822674164
regular_23,5,0.694627914941,23.7351115782
regular_23,6,0.728339549861,33.4155438821
regular_23,7,0.75961747609,44.3249349422
regular_23,8,0.788340716675,56.2616032536
regular_23,9,0.814470093409,69.0300205045
regular_23,10,0.838036504539,82.4479279365
regular_22,1,0.3448,1.0
regular_22,2,0.216878258819,3.64847604615
regular_22,3,0.127201976435,7.20614736273
regular_22,4,0.0712328498758,11.0506997455
regular_22,5,0.0387956102392,14.8583888454
regular_22,6,0.0207985124721,18.5258307034
regular_22,7,0.0110541685683,22.0529692012
regular_22,8,0.00584789791071,25.4717578397
regular_22,9,0.00308601479721,28.8158883172
regular_22,10,0.00162639778217,32.1117011738
regular_21,1,0.3028,1.0
regular_21,2,0.158691068478,3.46155102963
regular_21,3,0.0757181351229,6.45459226486
regular_21,4,0.0343566433494,9.44509851218
regular_21,5,0.0152171367875,12.2916547468
regular_21,6,0.00666631936294,15.0101525549
regular_21,7,0.00290619976036,17.6453174527
regular_21,8,0.00126426620183,20.2326869695
regular_21,9,0.000549474739857,22.7943951691
regular_21,10,0.000238715840528,25.3428643083
regular_20,1,0.572,1.0
regular_20,2,0.641074675528,3.9187409869
regular_20,3,0.704755558233,8.53148159306
regular_20,4,0.761344195369,14.5191219649
regular_20,5,0.81001058863,21.5285130993
regular_20,6,0.850699103228,29.224925269
regular_20,7,0.88392242335,37.325791159
regular_20,8,0.910530235629,45.6144706254
regular_20,9,0.931511466474,53.9389333093
regular_20,10,0.947854244796,62.2019784439
regular_27,1,0.4308,1.0
regular_27,2,0.364201166897,3.92482176599
regular_27,3,0.302427733923,8.56527165075
regular_27,4,0.247060490633,14.6207808883
regular_27,5,0.198938880357,21.7529710725
regular_27,6,0.158220626277,29.6340497448
regular_27,7,0.124540770464,37.9799798664
regular_27,8,0.0972023663513,46.5662004218
regular_27,9,0.0753486117239,55.2292267989
regular_27,10,0.0580920238121,63.8595341312
regular_26,1,0.9998,1.0
regular_26,2,0.999999959984,2.00080016
regular_26,3,0.999999999992,3.00120048014
regular_26,4,1.0,4.00160064026
regular_26,5,1.0,5.00200080032
regular_26,6,1.0,6.00240096038
regular_26,7,1.0,7.00280112045
regular_26,8,1.0,8.00320128051
regular_26,9,1.0,9.00360144058
regular_26,10,1.0,10.0040016006
regular_25,1,0.4154,1.0
regular_25,2,0.335509149347,3.88867259228
regular_25,3,0.264043369359,8.36725640572
regular_25,4,0.203146449658,14.0356288578
regular_25,5,0.153367501031,20.4865543126
regular_25,6,0.114040696274,27.3730002643
regular_25,7,0.0838000065506,34.4373517039
regular_25,8,0.0610260147289,41.5105423424
regular_25,9,0.0441430204674,48.4954233545
regular_25,10,0.0317727009507,55.3460164361
regular_24,1,0.8356,1.0
regular_24,2,0.962733975726,2.75765182197
regular_24,3,0.992441855033,4.40204280423
regular_24,4,0.998503890815,5.94164351389
regular_24,5,0.999705294052,7.44495372544
regular_24,6,0.999942004392,8.938176479
regular_24,7,0.999988589131,10.428844231
regular_24,8,0.99999775495,11.918897615
regular_24,9,0.999999558297,13.4088081784
regular_24,10,0.999999913097,14.8986863259
regular_58,1,0.2786,1.0
regular_58,2,0.129788123764,3.34428072481
regular_58,3,0.0544620383914,6.03709975079
regular_58,4,0.0217603147917,8.64028338226
regular_58,5,0.00851745685998,11.0994250935
regular_58,6,0.00330667410791,13.4605237369
regular_58,7,0.00127961326613,15.7680339076
regular_58,8,0.000494566792067,18.0489768097
regular_58,9,0.000191056485344,20.3174367282
regular_58,10,7.37934290644e-05,22.5802261324
regular_59,1,0.5246,1.0
regular_59,2,0.549081192103,3.99034082139
regular_59,3,0.573327052555,8.94232348226
regular_59,4,0.597225533195,15.8090297878
regular_59,5,0.62067107394,24.5266410447
regular_59,6,0.643566362121,35.0161858832
regular_59,7,0.665823781167,47.1856287874
regular_59,8,0.68736651056,60.932198556
regular_59,9,0.708129259574,76.1448510635
regular_59,10,0.728058637126,92.7067630592
regular_56,1,0.8946,1.0
regular_56,2,0.986308960833,2.46481987244
regular_56,3,0.998367228287,3.78890442185
regular_56,4,0.999807352581,5.06647088273
regular_56,5,0.999977298805,6.33524200209
regular_56,6,0.999997325337,7.60259491135
regular_56,7,0.999999684876,8.86973592025
regular_56,8,0.999999962873,10.1368466877
regular_56,9,0.999999995626,11.4039532707
regular_56,10,0.999999999485,12.6710592875
regular_57,1,0.6508,1.0
regular_57,2,0.776453116778,3.66648695992
regular_57,3,0.866188754414,7.28492217004
regular_57,4,0.92345407669,11.2322036257
regular_57,5,0.957417156403,15.1663513396
regular_57,6,0.976691330844,18.9664985747
regular_57,7,0.987356686492,22.622657861
regular_57,8,0.993175988697,26.1631824242
regular_57,9,0.996326821457,29.6216272753
regular_57,10,0.998025720475,33.0255782809
regular_54,1,0.4182,1.0
regular_54,2,0.340664605461,3.89573091781
regular_54,3,0.270813156378,8.4053854629
regular_54,4,0.210707204385,14.1463469738
regular_54,5,0.160996156519,20.7215063252
regular_54,6,0.121212090797,27.7839542203
regular_54,7,0.090202187406,35.0682724714
regular_54,8,0.0665250429911,42.3936388273
regular_54,9,0.0487300206498,49.6507312243
regular_54,10,0.0355139568876,56.7831348548
regular_55,1,0.6032,1.0
regular_55,2,0.697966439624,3.83655890745
regular_55,3,0.778414273133,8.09343817246
regular_55,4,0.842276622217,13.2665357449
regular_55,5,0.890326668654,18.9111758069
regular_55,6,0.925041130653,24.7116936426
regular_55,7,0.949392142979,30.4820252021
regular_55,8,0.966122237169,36.1335067573
regular_55,9,0.977452995198,41.6383426044
regular_55,10,0.985052699294,47.0012305518
regular_52,1,0.4386,1.0
regular_52,2,0.379024294286,3.94057673335
regular_52,3,0.322886622029,8.65374810933
regular_52,4,0.271429232283,14.89060376
regular_52,5,0.225442084638,22.3581364301
regular_52,6,0.185265106681,30.7558527673
regular_52,7,0.150853726036,39.8049498004
regular_52,8,0.121877825358,49.2667328524
regular_52,9,0.0978264028226,58.9505272736
regular_52,10,0.0780991663489,68.7134908227
regular_53,1,0.3828,1.0
regular_53,2,0.277807976345,3.79167275862
regular_53,3,0.192625243854,7.86795450887
regular_53,4,0.128899778489,12.6655365703
regular_53,5,0.084061364821,17.7448223199
regular_53,6,0.0538559079678,22.8401412303
regular_53,7,0.0340999900702,27.8267924019
regular_53,8,0.02142699773,32.6670991311
regular_53,9,0.0133984907545,37.3670100956
regular_53,10,0.00835251819755,41.9494438398
regular_50,1,0.216,1.0
regular_50,2,0.0705506629246,3.02429110616
regular_50,3,0.0204844542734,5.06530506049
regular_50,4,0.00572869446065,6.96156768365
regular_50,5,0.0015848916838,8.77491387881
regular_50,6,0.000437155790077,10.554144596
regular_50,7,0.000120479038447,12.3209741082
regular_50,8,3.31961020196e-05,14.0835719408
regular_50,9,9.14608480764e-06,15.8447805818
regular_50,10,2.51985638909e-06,17.6055450755
regular_51,1,0.9352,1.0
regular_51,2,0.995221837535,2.27583565044
regular_51,3,0.999667442252,3.44439872876
regular_51,4,0.999976949942,4.59537637814
regular_51,5,0.999998402827,5.74446694425
regular_51,6,0.999999889332,6.89338082718
regular_51,7,0.999999992332,8.04227928843
regular_51,8,0.999999999469,9.19117646082
regular_51,9,0.999999999963,10.3400735287
regular_51,10,0.999999999997,11.4889705882
regular_49,1,0.3002,1.0
regular_49,2,0.155422232972,3.44922689718
regular_49,3,0.0731664518283,6.40891213471
regular_49,4,0.0327554295853,9.35424565395
regular_49,5,0.0143192419504,12.1541731244
regular_49,6,0.00619330427133,14.8290299018
regular_49,7,0.00266623099323,17.4241060213
regular_49,8,0.00114550299047,19.9741540344
regular_49,9,0.000491719175115,22.5003730101
regular_49,10,0.000210996792421,25.014464625
regular_48,1,0.4644,1.0
regular_48,2,0.429159123573,3.97982451839
regular_48,3,0.39462214803,8.88015606491
regular_48,4,0.361106359077,15.60602707
regular_48,5,0.328890637806,24.0322137913
regular_48,6,0.298207508247,34.0099705201
regular_48,7,0.269238497891,45.3744526619
regular_48,8,0.242112784714,57.9521832103
regular_48,9,0.216908782957,71.5680043087
regular_48,10,0.193658095792,86.0510966877
regular_45,1,0.341,1.0
regular_45,2,0.211204187721,3.63265172678
regular_45,3,0.121689958047,7.13792531986
regular_45,4,0.0668968276767,10.8956772912
regular_45,5,0.035770517913,14.5984113864
regular_45,6,0.0188345833985,18.1571855321
regular_45,7,0.009835357825,21.5795754417
regular_45,8,0.00511358191356,24.8999455641
regular_45,9,0.00265257182108,28.1517412177
regular_45,10,0.00137433424346,31.3601047646
regular_44,1,0.5448,1.0
regular_44,2,0.588886405713,3.96814311219
regular_44,3,0.631590375794,8.81185552192
regular_44,4,0.672326739747,15.3863160488
regular_44,5,0.71062251599,23.5069772311
regular_44,6,0.746132596818,32.9641870739
regular_44,7,0.778642521875,43.537894043
regular_44,8,0.808060230506,55.0107554475
regular_44,9,0.83439988759,67.1785488461
regular_44,10,0.857761238609,79.8574193323
regular_47,1,0.3142,1.0
regular_47,2,0.173487050054,3.5146711512
regular_47,3,0.0877302513157,6.656669785
regular_47,4,0.0421997376819,9.85576452784
regular_47,5,0.0197862856296,12.9228663716
regular_47,6,0.00916334972442,15.8504838625
regular_47,7,0.00421914713403,18.6785036064
regular_47,8,0.00193743600121,21.4451050161
regular_47,9,0.000888571186188,24.1765492967
regular_47,10,0.000407295936117,26.8887354179
regular_46,1,0.4988,0.999999999999
regular_46,2,0.497600013824,3.99997696013
regular_46,3,0.496400055295,8.9998617624
regular_46,4,0.495200138235,15.9995392154
regular_46,5,0.494000276465,24.9988480624
regular_46,6,0.492800483802,35.9975809923
regular_46,7,0.491600774059,48.9954846542
regular_46,8,0.490401161049,63.9922596746
regular_46,9,0.489201658576,80.9875606785
regular_46,10,0.488002280442,99.9809963128
regular_41,1,0.8816,1.0
regular_41,2,0.982282732135,2.52768727534
regular_41,3,0.997583484344,3.91181984547
regular_41,4,0.999674778522,5.23768111659
regular_41,5,0.999956310042,6.55079022591
regular_41,6,0.999994132161,7.86154295851
regular_41,7,0.999999211938,9.17189330075
regular_41,8,0.999999894162,10.4821780747
regular_41,9,0.999999985786,11.7924524949
regular_41,10,0.999999998091,13.1027253169
regular_40,1,0.4998,1.00000000008
regular_40,2,0.499600000064,3.99999935977
regular_40,3,0.499400000256,8.99999615984
regular_40,4,0.49920000064,15.9999872003
regular_40,5,0.49900000128,24.9999679999
regular_40,6,0.49880000224,35.9999327998
regular_40,7,0.498600003584,48.9998745606
regular_40,8,0.498400005376,63.9997849605
regular_40,9,0.49820000768,80.9996544019
regular_40,10,0.49800001056,99.9994720031
regular_43,1,0.3276,1.0
regular_43,2,0.191836630801,3.5749810812
regular_43,3,0.103662169005,6.89683000571
regular_43,4,0.0533406707388,10.3633255049
regular_43,5,0.0267189393413,13.726248859
regular_43,6,0.0131985705999,16.9420451067
regular_43,7,0.00647429414189,20.0387467576
regular_43,8,0.00316484795788,23.0549954544
regular_43,9,0.00154445204967,26.0214613199
regular_43,10,0.000753068889113,28.9586386955
regular_42,1,0.4928,1.0
regular_42,2,0.485602985365,3.99917073196
regular_42,3,0.478411936511,8.99502645394
regular_42,4,0.471229823971,15.9834311271
regular_42,5,0.464059603503,24.9586086782
regular_42,6,0.45690421124,35.9131573001
regular_42,7,0.449766558913,48.8380677234
regular_42,8,0.442649529164,63.7227453731
regular_42,9,0.435555970952,80.55503631
regular_42,10,0.428488695078,99.3212568356
regular_70,1,0.5526,1.0
regular_70,2,0.604048491186,3.95621639491
regular_70,3,0.653292639001,8.74292617879
regular_70,4,0.699459516832,15.1680240937
regular_70,5,0.741907556035,22.9950148322
regular_70,6,0.780243884994,31.9669830792
regular_70,7,0.814311063265,41.8284684953
regular_70,8,0.844151935217,52.3424996528
regular_70,9,0.869963069487,63.3016658818
regular_70,10,0.892046110171,74.5334810211
regular_71,1,0.7678,1.0
regular_71,2,0.916204510774,3.10832345612
regular_71,3,0.97308507739,5.2996834659
regular_71,4,0.991704572991,7.34435508575
regular_71,5,0.997476674441,9.28821274161
regular_71,6,0.999235543954,11.1852623739
regular_71,7,0.999768687936,13.0634085719
regular_71,8,0.999930034736,14.9344297158
regular_71,9,0.999978839897,16.8028736336
regular_71,10,0.999993600614,18.6704107772
regular_72,1,0.8292,1.0
regular_72,2,0.959298455373,2.79039158793
regular_72,3,0.991336234294,4.47754770013
regular_72,4,0.998203061601,6.05350014096
regular_72,5,0.999629334763,7.5885378913
regular_72,6,0.999923627278,9.11160924565
regular_72,7,0.999984267665,10.6315002237
regular_72,8,0.999996759387,12.1505895355
regular_72,9,0.999999332491,13.6694835736
regular_72,10,0.999999862505,15.1883311818
regular_73,1,0.738,1.0
regular_73,2,0.888072161855,3.26111060383
regular_73,3,0.957172285037,5.76267586181
regular_73,4,0.98436365344,8.14056560403
regular_73,5,0.99439233045,10.3863934969
regular_73,6,0.998001974726,12.5546716317
regular_73,7,0.999289758667,14.684992902
regular_73,8,0.999747739143,16.7982433325
regular_73,9,0.999910429404,18.9041759018
regular_73,10,0.999968199388,21.0070672012
regular_74,1,0.399,1.0
regular_74,2,0.305919270103,3.84318277024
regular_74,3,0.22637391261,8.12750754625
regular_74,4,0.162664630551,13.3598166118
regular_74,5,0.114237667278,19.0971451842
regular_74,6,0.0788699378073,25.017627457
regular_74,7,0.0537870649647,30.9256489628
regular_74,8,0.0363663203379,36.7234597752
regular_74,9,0.0244421190363,42.3764448383
regular_74,10,0.0163613754511,47.8850123316
regular_75,1,0.6038,1.0
regular_75,2,0.699022572918,3.83473165545
regular_75,3,0.779709047315,8.08407651199
regular_75,4,0.843604474204,13.2410202005
regular_75,5,0.891544888097,18.8605437426
regular_75,6,0.926077679408,24.6287675958
regular_75,7,0.950228841943,30.3622533102
regular_75,8,0.966772683306,35.9747732798
regular_75,9,0.97794501832,41.4403195075
regular_75,10,0.98541743678,46.7646856242
regular_76,1,0.912,1.0
regular_76,2,0.990775329725,2.38240451323
regular_76,3,0.999102419287,3.63424091714
regular_76,4,0.99991332104,4.85352738874
regular_76,5,0.999991635586,6.06785965517
regular_76,6,0.999999192901,7.28154164419
regular_76,7,0.999999922122,8.4951443079
regular_76,8,0.999999992485,9.70873771816
regular_76,9,0.999999999275,10.9223300812
regular_76,10,0.99999999993,12.1359223284
regular_77,1,0.9998,1.0
regular_77,2,0.999999959984,2.00080016
regular_77,3,0.999999999992,3.00120048014
regular_77,4,1.0,4.00160064026
regular_77,5,1.0,5.00200080032
regular_77,6,1.0,6.00240096038
regular_77,7,1.0,7.00280112045
regular_77,8,1.0,8.00320128051
regular_77,9,1.0,9.00360144058
regular_77,10,1.0,10.0040016006
regular_78,1,0.1786,1.0
regular_78,2,0.0451431420663,2.83047204688
regular_78,3,0.0101750989955,4.57210548542
regular_78,4,0.00223016704133,6.19501970079
regular_78,5,0.000485761136019,7.77091224119
regular_78,6,0.000105660982768,9.33219052303
regular_78,7,2.29761529545e-05,10.8893564621
regular_78,8,4.9958786245e-06,12.4454263627
regular_78,9,1.08627637053e-06,14.0012141366
regular_78,10,2.36193236791e-07,15.5569310456
regular_79,1,0.7094,1.0
regular_79,2,0.856306225429,3.40311581116
regular_79,3,0.935680749923,6.24184455478
regular_79,4,0.972612183538,9.02793091762
regular_79,5,0.988596421326,11.666581216
regular_79,6,0.995296953964,14.1918897984
regular_79,7,0.998068071082,16.6498400075
regular_79,8,0.999207697224,19.0719273056
regular_79,9,0.999675287663,21.4760152291
regular_79,10,0.999866958701,23.8713924881
regular_92,1,0.763,1.0
regular_92,2,0.912007431799,3.13313636349
regular_92,3,0.970903061593,5.37151781284
regular_92,4,0.990777022306,7.46428931264
regular_92,5,0.99711686418,9.45089095399
regular_92,6,0.999102668389,11.3863726629
regular_92,7,0.999721101926,13.3005616482
regular_92,8,0.999913353139,15.2064898293
regular_92,9,0.999973084492,17.1093450967
regular_92,10,0.999991639458,19.0110889528
regular_93,1,0.3406,1.0
regular_93,2,0.210611544254,3.63097184123
regular_93,3,0.121120201476,7.13073648415
regular_93,4,0.0664536283981,10.8794572548
regular_93,5,0.0354647267954,14.5713699249
regular_93,6,0.0186381741439,18.119014775
regular_93,7,0.00971471870478,21.5307212614
regular_93,8,0.00504162475967,24.841072785
regular_93,9,0.00261051439877,28.0834715835
regular_93,10,0.0013501134544,31.2829288924
regular_90,1,0.2804,1.0
regular_90,2,0.131820574161,3.35318238469
regular_90,3,0.0558595179071,6.06749292477
regular_90,4,0.0225345471651,8.69700278388
regular_90,5,0.00890328569328,11.1816191782
regular_90,6,0.00348821757375,13.5658956947
regular_90,7,0.00136212203015,15.8946500264
regular_90,8,0.000531207349726,18.1955844317
regular_90,9,0.000207057877659,20.4833173001
regular_90,10,8.06925612322e-05,22.764995785
regular_91,1,0.1002,1.0
regular_91,2,0.0122487300167,2.43997633809
regular_91,3,0.00137900515753,3.74152822543
regular_91,4,0.00015375177992,5.00096296368
regular_91,5,1.71238425783e-05,6.25291240817
regular_91,6,1.90690724177e-06,7.50372325802
regular_91,7,2.12349888207e-07,8.75437347061
regular_91,8,2.36468802105e-08,10.0050020281
regular_91,9,2.63327122348e-09,11.2556277546
regular_91,10,2.93236027128e-10,12.5062531192
regular_94,1,0.2358,1.0
regular_94,2,0.086931449132,3.12693831089
regular_94,3,0.0285388034416,5.35345794729
regular_94,4,0.00898313886535,7.43401757963
regular_94,5,0.00278914334583,9.40974369141
regular_94,6,0.000862275331023,11.3354517336
regular_94,7,0.000266220649281,13.2404862054
regular_94,8,8.21596265069e-05,15.1375576192
regular_94,9,2.5352447736e-05,17.0316874639
regular_94,10,7.82283691795e-06,18.9247606799
regular_95,1,0.8884,1.0
regular_95,2,0.984464988998,2.49467038619
regular_95,3,0.998021632863,3.84671704065
regular_95,4,0.999751048672,5.14676672165
regular_95,5,0.999968720152,6.43626055808
regular_95,6,0.999996070546,7.72393517837
regular_95,7,0.999999506384,9.01131963102
regular_95,8,0.999999937992,10.2986598969
regular_95,9,0.999999992211,11.5859936403
regular_95,10,0.999999999022,12.8733264424
regular_0,1,0.4942,1.0
regular_0,2,0.488401560686,3.99946183242
regular_0,3,0.482606241065,8.99677186313
regular_0,4,0.476815596788,15.9892435948
regular_0,5,0.471031178484,24.9731219967
regular_0,6,0.465254530103,35.9435895485
regular_0,7,0.459487187275,48.8947739785
regular_0,8,0.453730675686,63.8197576747
regular_0,9,0.44798650948,80.7105887378
regular_0,10,0.442256189686,99.5582936457
regular_1,1,0.4862,1.0
regular_1,2,0.472421008573,3.99695527935
regular_1,3,0.458683906554,8.98175944478
regular_1,4,0.445009320956,15.9393272592
regular_1,5,0.431417502133,24.8487311114
regular_1,6,0.417928205746,35.683388806
regular_1,7,0.404560580963,48.4112995114
regular_1,8,0.391333066182,62.9953239526
regular_1,9,0.378263293438,79.3935042798
regular_1,10,0.365368002448,97.5594185162
regular_2,1,0.3516,1.0
regular_2,2,0.227228506342,3.67616568273
regular_2,3,0.137520204837,7.32775866232
regular_2,4,0.0795809365713,11.3320502272
regular_2,5,0.0447847888355,15.3374397293
regular_2,6,0.0247931609456,19.213214517
regular_2,7,0.0135986155133,22.9434615324
regular_2,8,0.00742014409109,26.5541701299
regular_2,9,0.00403734438771,30.0785977123
regular_2,10,0.00219333517081,33.544923506
regular_3,1,0.9108,1.0
regular_3,2,0.990499684972,2.38802183531
regular_3,3,0.999061535744,3.64455844019
regular_3,4,0.999908012804,4.86765348398
regular_3,5,0.999990990405,6.0855768063
regular_3,6,0.99999911763,7.30281087094
regular_3,7,0.999999913584,8.51995957909
regular_3,8,0.999999991537,9.73709817988
regular_3,9,0.999999999171,10.9542356196
regular_3,10,0.999999999919,12.1713729289
regular_4,1,0.8102,1.0
regular_4,2,0.947975825133,2.88830319235
regular_4,3,0.987307004506,4.71283369928
regular_4,4,0.996997314371,6.40873390549
regular_4,5,0.999294960347,8.04795229444
regular_4,6,0.999834745977,9.66798348118
regular_4,7,0.999961282173,11.2821694881
regular_4,8,0.999990929571,12.8946725873
regular_4,9,0.999997875118,14.5067081756
regular_4,10,0.999999502218,16.1186170928
regular_5,1,0.5288,1.0
regular_5,2,0.557409528961,3.98677284453
regular_5,3,0.585643121519,8.92115849161
regular_5,4,0.613325046682,15.7395898169
regular_5,5,0.640293508561,24.356511903
regular_5,6,0.666404116484,34.6675242674
regular_5,7,0.691532485806,46.5530347445
regular_5,8,0.715575902179,59.8821950498
regular_5,9,0.738454052234,74.5168913232
regular_5,10,0.76010888539,90.315585205
regular_6,1,0.2602,1.0
regular_6,2,0.11008642358,3.251989795
regular_6,3,0.0416948777895,5.73359202098
regular_6,4,0.0150721866147,8.08887094888
regular_6,5,0.00535344823447,10.3137312712
regular_6,6,0.0018894544891,12.4631495958
regular_6,7,0.00066536767034,14.5760735042
regular_6,8,0.000234121895835,16.6727565673
regular_6,9,8.23570758978e-05,18.7625470655
regular_6,10,2.89679039416e-05,20.8495009214
regular_7,1,0.9076,1.0
regular_7,2,0.989741666317,2.40305037447
regular_7,3,0.998945917924,3.67232029875
regular_7,4,0.999892585408,4.90571722677
regular_7,5,0.999989063391,6.13333002197
regular_7,6,0.999998886566,7.36014062659
regular_7,7,0.999999886645,8.58684790606
regular_7,8,0.99999998846,9.81354246241
regular_7,9,0.999999998825,11.0402354991
regular_7,10,0.99999999988,12.2669283582
regular_8,1,0.6562,1.0
regular_8,2,0.784622609371,3.64433558733
regular_8,3,0.87426605165,7.18820841836
regular_8,4,0.929930491189,11.0097436924
regular_8,5,0.962021903661,14.7894335359
regular_8,6,0.979735919208,18.4277561795
regular_8,7,0.989279707751,21.9267474664
regular_8,8,0.994354551675,25.3190551434
regular_8,9,0.997034233965,28.638336144
regular_8,10,0.998443962146,31.9106249773
regular_9,1,0.6174,1.0
regular_9,2,0.722531601383,3.79099831998
regular_9,3,0.807769436717,7.86463637266
regular_9,4,0.871479981938,12.6568988735
regular_9,5,0.916263979676,17.7284488789
regular_9,6,0.946402337747,22.8144295271
regular_9,7,0.966094662896,27.7909935287
regular_9,8,0.978714553213,32.6210939157
regular_9,9,0.986701856647,37.3110452285
regular_9,10,0.991717312042,41.8839277719
regular_67,1,0.9502,1.0
regular_67,2,0.997260714212,2.20906581169
regular_67,3,0.999856060353,3.33089333865
regular_67,4,0.999992455091,4.44240297727
regular_67,5,0.999999604568,5.55308312493
regular_67,6,0.999999979275,6.66370474379
regular_67,7,0.999999998914,7.77432250643
regular_67,8,0.999999999943,8.88494002564
regular_67,9,0.999999999997,9.99555752993
regular_67,10,1.0,11.1061750333
regular_66,1,0.4458,1.0
regular_66,2,0.392858967135,3.95354364815
regular_66,3,0.342321549913,8.72758948819
regular_66,4,0.295125133306,15.1199163612
regular_66,5,0.251943047012,22.883482748
regular_66,6,0.213168486524,31.7525660675
regular_66,7,0.178933998955,41.4660886959
regular_66,8,0.149155285265,51.7851977469
regular_66,9,0.123586477523,62.5040904483
regular_66,10,0.101875967168,73.4546186037
regular_65,1,0.2902,1.0
regular_65,2,0.143216744229,3.40117498351
regular_65,3,0.0639696769297,6.23494265591
regular_65,4,0.0271817468279,9.01464734361
regular_65,5,0.0112946801394,11.6469332665
regular_65,6,0.00464884219716,14.1663820153
regular_65,7,0.00190590556252,16.6189640661
regular_65,8,0.00078010377184,19.0360303614
regular_65,9,0.0003190906777,21.4353106954
regular_65,10,0.000130484059225,23.8260017131
regular_64,1,0.6596,1.0
regular_64,2,0.789684445789,3.63013089962
regular_64,3,0.879163934174,7.12714161981
regular_64,4,0.933767040922,10.8713544091
regular_64,5,0.964687287572,14.5578724177
regular_64,6,0.981459316993,18.099974323
regular_64,7,0.9903450756,21.5063629649
regular_64,8,0.994993990227,24.8117288334
regular_64,9,0.997410273046,28.0494514876
regular_64,10,0.998661841675,31.2444762954
regular_63,1,0.543,1.0
regular_63,2,0.585368613733,3.97063319688
regular_63,3,0.62651100189,8.82634896907
regular_63,4,0.665901013695,15.4326524368
regular_63,5,0.70310540614,23.6169076907
regular_63,6,0.737798135205,33.1811351449
regular_63,7,0.76976442512,43.915138973
regular_63,8,0.798895814422,55.6085236133
regular_63,9,0.825178368459,68.0605887472
regular_63,10,0.848676646725,81.0875922617
regular_62,1,0.8066,1.0
regular_62,2,0.94563492308,2.90694666067
regular_62,3,0.986402813372,4.75932302712
regular_62,4,0.996705724163,6.48017904975
regular_62,5,0.999208142153,8.14103297706
regular_62,6,0.999810020387,9.7810180115
regular_62,7,0.999954441651,11.4144849692
regular_62,8,0.999989076011,13.0460293806
regular_62,9,0.999997380713,14.6770268311
regular_62,10,0.999999371967,16.3078725364
regular_61,1,0.8662,1.0
regular_61,2,0.976695748145,2.60347213624
regular_61,3,0.996327886567,4.06603948581
regular_61,4,0.999431010101,5.4552813774
regular_61,5,0.999912067083,6.82566994925
regular_61,6,0.999986416187,8.1920221112
regular_61,7,0.999997901714,9.55757867832
regular_61,8,0.999999675882,10.9229858194
regular_61,9,0.999999949934,12.2883657821
regular_61,10,0.999999992266,13.6537409139
regular_60,1,0.7012,1.0
regular_60,2,0.846321610083,3.44256073641
regular_60,3,0.928179560608,6.3843870866
regular_60,4,0.968079778848,9.30576101089
regular_60,5,0.986144129291,12.0811165331
regular_60,6,0.994048319493,14.7330512771
regular_60,7,0.99745513838,17.3070873194
regular_60,8,0.998913980615,19.8375340205
regular_60,9,0.999536929606,22.3450912845
regular_60,10,0.999802620916,24.8410845386
regular_69,1,0.544,1.0
regular_69,2,0.587323764766,3.9692620348
regular_69,3,0.629336002002,8.81836377283
regular_69,4,0.669478147814,15.4071043467
regular_69,5,0.707294922926,23.5562412416
regular_69,6,0.742449420938,33.0612846733
regular_69,7,0.774726537893,43.7064946648
regular_69,8,0.804026297668,55.2775086669
regular_69,9,0.830349736385,67.5715369879
regular_69,10,0.853780394608,80.4046351382
regular_68,1,0.5692,1.0
regular_68,2,0.635798833103,3.92482176599
regular_68,3,0.697572266077,8.56527165075
regular_68,4,0.752939509367,14.6207808883
regular_68,5,0.801061119643,21.7529710725
regular_68,6,0.841779373723,29.6340497448
regular_68,7,0.875459229536,37.9799798664
regular_68,8,0.902797633649,46.5662004218
regular_68,9,0.924651388276,55.2292267989
regular_68,10,0.941907976188,63.8595341312
regular_89,1,0.4972,0.999999999999
regular_89,2,0.49440017561,3.99987456393
regular_89,3,0.491600702398,8.9992474308
regular_89,4,0.488801755841,15.9974916562
regular_89,5,0.486003511285,24.9937298483
regular_89,6,0.483206143901,35.9868344976
regular_89,7,0.48040982864,48.9754284007
regular_89,8,0.477614740188,63.9578851778
regular_89,9,0.474821052925,80.9323298832
regular_89,10,0.472028940882,99.8966397086
regular_88,1,0.1144,1.0
regular_88,2,0.0164130611013,2.50823101089
regular_88,3,0.00215094892685,3.87330693262
regular_88,4,0.00027837661659,5.18383426746
regular_88,5,3.59688424509e-05,6.48293608866
regular_88,6,4.64652717615e-06,7.78001068682
regular_88,7,6.00231323195e-07,9.07675258916
regular_88,8,7.75366974539e-08,10.3734423748
regular_88,9,1.0016032958e-08,11.6701242476
regular_88,10,1.29385070054e-09,12.9668049457
regular_81,1,0.973,1.0
regular_81,2,0.999230572754,2.1109115127
regular_81,3,0.999978633003,3.17111183723
regular_81,4,0.99999940707,4.22832479552
regular_81,5,0.999999983547,5.28541208823
regular_81,6,0.999999999543,6.3424947088
regular_81,7,0.999999999987,7.39957716683
regular_81,8,1.0,8.45665961944
regular_81,9,1.0,9.51374207188
regular_81,10,1.0,10.5708245243
regular_80,1,0.2828,1.0
regular_80,2,0.134559794632,3.36501109915
regular_80,3,0.0577664822948,6.10819775836
regular_80,4,0.0236038345656,8.77341004483
regular_80,5,0.00944224841529,11.2927659205
regular_80,6,0.00374460000738,13.708712707
regular_80,7,0.00147989425314,16.0664859127
regular_80,8,0.000584062421498,18.3946938335
regular_80,9,0.000230383860898,20.7086857516
regular_80,10,9.08556170922e-05,23.0160747874
regular_83,1,0.4622,1.0
regular_83,2,0.42482962575,3.97726847883
regular_83,3,0.388299190409,8.86514361831
regular_83,4,0.352982197945,15.5574393709
regular_83,5,0.319201191239,23.915186344
regular_83,6,0.287217966843,33.7749258979
regular_83,7,0.257228565632,44.9576730311
regular_83,8,0.229362854398,57.2777027729
regular_83,9,0.203688039505,70.5504667844
regular_83,10,0.180215157822,84.5991645974
regular_82,1,0.9488,1.0
regular_82,2,0.997096460461,2.21522486836
regular_82,3,0.999842885012,3.34119575543
regular_82,4,0.999991520359,4.45625240962
regular_82,5,0.99999954241,5.57040488425
regular_82,6,0.999999975307,6.68449164849
regular_82,7,0.999999998668,7.79857395426
regular_82,8,0.999999999928,8.9126559702
regular_82,9,0.999999999996,10.0267379678
regular_82,10,1.0,11.1408199643
regular_85,1,0.9268,1.0
regular_85,2,0.993800604149,2.31396721719
regular_85,3,0.999507551014,3.51106526018
regular_85,4,0.999961088021,4.68567092803
regular_85,5,0.999996926566,5.85750851178
regular_85,6,0.999999757255,7.02905000827
regular_85,7,0.999999980828,8.20056200983
regular_85,8,0.999999998486,9.37207119936
regular_85,9,0.99999999988,10.5435801287
regular_85,10,0.999999999991,11.7150890345
regular_84,1,0.908,1.0
regular_84,2,0.989838257328,2.40116792808
regular_84,3,0.998960906975,3.66883019835
regular_84,4,0.999894619041,4.90092763766
regular_84,5,0.999989321623,6.12732011793
regular_84,6,0.99999891804,7.35292526529
regular_84,7,0.999999890374,8.57842949171
regular_84,8,0.999999988893,9.80392135083
regular_84,9,0.999999998875,11.0294117399
regular_84,10,0.999999999886,12.254901958
regular_87,1,0.7808,1.0
regular_87,2,0.926944140623,3.0409126825
regular_87,3,0.978352995154,5.11060892259
regular_87,4,0.993826752859,7.03456912904
regular_87,5,0.998259207326,8.87213688259
regular_87,6,0.99951068119,10.6733051536
regular_87,7,0.999862581396,12.4609617869
regular_87,8,0.999961417603,14.2439150314
regular_87,9,0.999989168166,16.0252938515
regular_87,10,0.999996959072,17.8061595111
regular_86,1,0.9006,1.0
regular_86,2,0.987964880951,2.43617014953
regular_86,3,0.998657297476,3.73432823871
regular_86,4,0.999851627531,4.99102973071
regular_86,5,0.999983621841,6.24043462107
regular_86,6,0.999998192302,7.48873977487
regular_86,7,0.999999800482,8.73689117169
regular_86,8,0.999999977979,9.98502202654
regular_86,9,0.99999999757,11.23315022
regular_86,10,0.999999999732,12.4812780762
regular_12,1,0.6714,1.0
regular_12,2,0.806752902054,3.5793804207
regular_12,3,0.895066540933,6.91481693582
regular_12,4,0.945735644821,10.4022320845
regular_12,5,0.972684870019,13.7889401989
regular_12,6,0.986442207601,17.0283153186
regular_12,7,0.99331822329,20.1471853152
regular_12,8,0.996718576153,23.1840642312
regular_12,9,0.998391293618,26.1699045657
regular_12,10,0.999212011521,29.1255549312
regular_13,1,0.2478,1.0
regular_13,2,0.0979016140185,3.18872629644
regular_13,3,0.0345181899907,5.53705563056
regular_13,4,0.0116409026115,7.74558441536
regular_13,5,0.0038650759406,9.83614044527
regular_13,6,0.00127659478353,11.8649501638
regular_13,7,0.000420913613001,13.8661919299
regular_13,8,0.000138702261388,15.856028477
regular_13,9,4.56974440707e-05,17.8413510032
regular_13,10,1.50547376353e-05,19.824938353
regular_10,1,0.528,1.0
regular_10,2,0.55582493301,3.98749521501
regular_10,3,0.583304083185,8.92543748415
regular_10,4,0.610275209163,15.753601309
regular_10,5,0.636588232027,24.3907557192
regular_10,6,0.662108318108,34.7374967374
regular_10,7,0.686718237216,46.6795593039
regular_10,8,0.710319933682,60.0914096233
regular_10,9,0.732835304238,74.8399192194
regular_10,10,0.754206227592,90.7879384257
regular_11,1,0.657,1.0
regular_11,2,0.785819354886,3.64101089026
regular_11,3,0.875431453293,7.17384942599
regular_11,4,0.930849626416,10.9770605456
regular_11,5,0.962664770014,14.7345468157
regular_11,6,0.980154276242,18.3498449519
regular_11,7,0.989539930332,21.8266210976
regular_11,8,0.994511674135,25.1980470897
regular_11,9,0.997127174108,28.4977360954
regular_11,10,0.998498121649,31.7514727165
regular_16,1,0.585,1.0
regular_16,2,0.66522499757,3.88764700165
regular_16,3,0.736915892151,8.36173737002
regular_16,4,0.797918165816,14.0196783914
regular_16,5,0.847698979462,20.4528811448
regular_16,6,0.886954166118,27.314411726
regular_16,7,0.917081130552,34.3478578102
regular_16,8,0.939724816526,41.3858650848
regular_16,9,0.956478362672,48.3330031065
regular_16,10,0.968730197086,55.1447290689
regular_17,1,0.5536,1.0
regular_17,2,0.605982070997,3.95455488796
regular_17,3,0.656036522376,8.73338744642
regular_17,4,0.702850321001,15.1380836568
regular_17,5,0.745761864987,22.925547107
regular_17,6,0.784377625725,31.8333163125
regular_17,7,0.818555139535,41.6023503125
regular_17,8,0.848362593797,51.9944169846
regular_17,9,0.874026919599,62.8030275447
regular_17,10,0.895880703047,73.8583401207
regular_14,1,0.382,1.0
regular_14,2,0.276450796441,3.78896955184
regular_14,3,0.191049751176,7.85466734299
regular_14,4,0.127386006911,12.6309828166
regular_14,5,0.0827664574956,17.6793873943
regular_14,6,0.052829614053,22.7374772515
regular_14,7,0.03332756243,27.6839581609
regular_14,8,0.0208660955475,32.4836545392
regular_14,9,0.0130014120286,37.1439600995
regular_14,10,0.00807657120843,41.6884261688
regular_15,1,0.171,1.0
regular_15,2,0.0408119115344,2.79141695116
regular_15,3,0.00870021036221,4.47993729153
regular_15,4,0.00180709422639,6.05705660515
regular_15,5,0.000373289480446,7.59311110212
regular_15,6,7.70222191781e-05,9.1171363729
regular_15,7,1.58885461047e-05,10.6379598182
regular_15,8,3.2774133271e-06,12.1579750173
regular_15,9,6.76042384614e-07,13.6777930566
regular_15,10,1.39449107118e-07,15.1975641505
regular_18,1,0.7432,1.0
regular_18,2,0.893341351976,3.23471506559
regular_18,3,0.96038029865,5.67903328926
regular_18,4,0.985945666459,7.99252740886
regular_18,5,0.995098683545,10.1788380663
regular_18,6,0.998300984231,12.2936098083
regular_18,7,0.999412280757,14.3745311073
regular_18,8,0.999796845564,16.4406857093
regular_18,9,0.999929794138,18.5006913949
regular_18,10,0.999975740455,20.5582130121
regular_19,1,0.71,1.0
regular_19,2,0.857021421285,3.40020401224
regular_19,3,0.936204551399,6.23149359142
regular_19,4,0.972920784524,9.00801494332
regular_19,5,0.988759415928,11.6371289507
regular_19,6,0.995378042462,14.1536583561
regular_19,7,0.99810698246,16.603566082
regular_19,8,0.999225928837,19.0181306224
regular_19,9,0.999683685248,21.415015082
regular_19,10,0.999870776837,23.8033703256
regular_34,1,0.4796,1.0
regular_34,2,0.459267804442,3.99335250568
regular_34,3,0.439070319295,8.96024716249
regular_34,4,0.419072678764,15.8681022032
regular_34,5,0.399337421157,24.6722006969
regular_34,6,0.37992373557,35.3165483618
regular_34,7,0.360886797772,47.734922333
regular_34,8,0.342277209682,61.8520746344
regular_34,9,0.324140552373,77.5850504235
regular_34,10,0.306517057924,94.844579449
regular_35,1,0.4552,1.0
regular_35,2,0.411113594287,3.96814311219
regular_35,3,0.368409624206,8.81185552192
regular_35,4,0.327673260253,15.3863160488
regular_35,5,0.28937748401,23.5069772311
regular_35,6,0.253867403182,32.9641870739
regular_35,7,0.221357478125,43.537894043
regular_35,8,0.191939769494,55.0107554475
regular_35,9,0.16560011241,67.1785488461
regular_35,10,0.142238761391,79.8574193323
regular_36,1,0.4146,1.0
regular_36,2,0.334041449061,3.886617118
regular_36,3,0.262126822282,8.35620062242
regular_36,4,0.201021094011,14.0036958309
regular_36,5,0.151240335105,20.4191841273
regular_36,6,0.112058277171,27.2558587467
regular_36,7,0.0820459243131,34.258530794
regular_36,8,0.0595327976401,41.2615646239
regular_36,9,0.0429084379208,48.1712419053
regular_36,10,0.0307744740922,54.9444409728
regular_37,1,0.8794,1.0
regular_37,2,0.981540083478,2.53842953863
regular_37,3,0.997427449815,3.93326923944
regular_37,4,0.999646418283,5.26775348743
regular_37,5,0.999951495373,6.58871237972
regular_37,6,0.999993347848,7.90711672927
regular_37,7,0.999999087726,9.22507541929
regular_37,8,0.999999874892,10.5429599345
regular_37,9,0.999999982843,11.860832487
regular_37,10,0.999999997647,13.1787031536
regular_30,1,0.7268,1.0
regular_30,2,0.876196463992,3.31742913573
regular_30,3,0.949566102446,5.94664156675
regular_30,4,0.980426073294,8.47312298578
regular_30,5,0.992551276828,10.8587142158
regular_30,6,0.997186990091,13.1530949759
regular_30,7,0.998940745878,15.399405737
regular_30,8,0.999601568983,17.6226302992
regular_30,9,0.999850194788,19.83532519
regular_30,10,0.999943683805,22.0433723018
regular_31,1,0.304,1.0
regular_31,2,0.16021302563,3.46721402419
regular_31,3,0.0769188715612,6.47573155774
regular_31,4,0.0351181409207,9.48738487917
regular_31,5,0.0156484720937,12.3559063241
regular_31,6,0.00689574048139,15.0950283526
regular_31,7,0.00302367600067,17.7491544285
regular_31,8,0.00132293902109,20.3541657542
regular_31,9,0.000578266302795,22.932630629
regular_31,10,0.000252658374639,25.4973133482
regular_32,1,0.3914,1.0
regular_32,2,0.292584977896,3.8197978288
regular_32,3,0.210104845984,8.00815342586
regular_32,4,0.146074806592,13.0359187259
regular_32,5,0.0991097238048,18.4571950366
regular_32,6,0.0660761465471,23.9736935609
regular_32,7,0.0435208741147,29.4231480773
regular_32,8,0.0284305229967,34.7380830205
regular_32,9,0.0184715254601,39.9056746856
regular_32,10,0.0119581520778,44.9393966779
regular_33,1,0.284,1.0
regular_33,2,0.135941966453,3.37090771803
regular_33,3,0.0587389324252,6.12862593854
regular_33,4,0.0241547324438,8.81194939919
regular_33,5,0.00972262300618,11.3490133563
regular_33,6,0.00387921551756,13.7811329023
regular_33,7,0.0015422930366,16.1537219849
regular_33,8,0.000612317306436,18.4958400998
regular_33,9,0.000242964223723,20.823209824
regular_33,10,9.63854136912e-05,23.1436858605
regular_38,1,0.659,1.0
regular_38,2,0.788795812279,3.63265172678
regular_38,3,0.878310041953,7.13792531986
regular_38,4,0.933103172323,10.8956772912
regular_38,5,0.964229482087,14.5984113864
regular_38,6,0.981165416601,18.1571855321
regular_38,7,0.990164642175,21.5795754417
regular_38,8,0.994886418086,24.8999455641
regular_38,9,0.997347428179,28.1517412177
regular_38,10,0.998625665757,31.3601047646
regular_39,1,0.5014,1.0
regular_39,2,0.502799978048,3.99996864025
regular_39,3,0.504199912194,8.99981184443
regular_39,4,0.50559978049,15.9993728285
regular_39,5,0.506999560992,24.9984321155
regular_39,6,0.508399231763,35.9967075562
regular_39,7,0.509798770871,48.9938543555
regular_39,8,0.511198156393,63.9894651048
regular_39,9,0.512597366417,80.9830698209
regular_39,10,0.513996379038,99.9741359893
